Label,Plasmid,Plas_group,Strain_Rep,Plas_Rep,Plas,Quantity_S,Dilution_S,Quantity_E,Dilution_E,Quantity_P,Dilution_P,Quantity_T,Dilution_T,Start_DC,Start_RC,End_DC,End_RC,Plas_TC,Tran_TC,Data,Dat_rep
CompCon,Con,Con,1,1,,0.06,6,0.06,7,,,,,95,136,29,22,NA,NA,Dec_24,
CompCon,Con,Con,2,2,,0.06,6,0.06,7,,,,,143,121,22,25,NA,NA,Dec_24,
CompCon,Con,Con,3,3,,0.06,6,0.06,7,,,,,171,159,22,20,NA,NA,Dec_24,
CompCon,Con,Con,4,4,,0.06,6,0.06,7,,,,,166,171,20,33,NA,NA,Dec_24,
CompCon,Con,Con,5,5,,0.06,6,0.06,7,,,,,114,158,36,26,NA,NA,Dec_24,
CompCon,Con,Con,6,6,,0.06,6,0.06,7,,,,,113,112,40,39,NA,NA,Dec_24,
22N,pP19E3_L,5,1,1,1,0.06,6,0.06,7,0.05,6,0.2,0,180,103,28,14,13,15,Dec_24,1
22N,pP19E3_L,5,2,2,1,0.06,6,0.06,7,0.05,6,0.2,0,140,113,26,16,77,504,Dec_24,1
22N,pP19E3_L,5,3,3,1,0.06,6,0.06,7,0.05,6,0.2,0,182,102,29,26,39,6,Dec_24,1
23N,pP19E3_L,5,1,10,2,0.06,6,0.06,7,0.05,6,0.2,0,105,114,20,14,25,29,Dec_24,2
23N,pP19E3_L,5,2,11,2,0.06,6,0.06,7,0.05,6,0.2,0,117,99,26,19,25,15,Dec_24,2
23N,pP19E3_L,5,3,12,2,0.06,6,0.06,7,0.05,6,0.2,0,93,123,22,15,64,28,Dec_24,2
S16,pQBR102,6,1,1,1,0.06,6,0.06,7,0.1,6,0.1,3,133,113,29,16,193,58,Dec_24,1
S16,pQBR102,6,2,2,1,0.06,6,0.06,7,0.1,6,0.1,3,112,110,34,10,198,137,Dec_24,1
S16,pQBR102,6,3,3,1,0.06,6,0.06,7,0.1,6,0.1,3,164,98,36,20,258,82,Dec_24,1
S35,pQBR102,6,1,9,2,0.06,6,0.06,7,0.1,6,0.1,3,127,127,35,16,282,77,Dec_24,2
S35,pQBR102,6,2,10,2,0.06,6,0.06,7,0.1,6,0.1,3,139,111,32,23,433,123,Dec_24,2
S35,pQBR102,6,3,11,2,0.06,6,0.06,7,0.1,6,0.1,3,104,103,44,17,459,79,Dec_24,2
11,pQBR103_L,3,1,1,1,0.06,6,0.06,6,0.05,2,0.2,0,44,95,25,3345,41,0,Dec_24,1
11,pQBR103_L,3,2,2,1,0.06,6,0.06,6,0.05,2,0.2,0,70,115,12,368,34,0,Dec_24,1
11,pQBR103_L,3,3,3,1,0.06,6,0.06,6,0.05,2,0.2,0,148,88,15,332,36,0,Dec_24,1
19,pQBR103_L,3,1,9,2,0.06,6,0.06,6,0.05,2,0.2,0,56,111,14,398,55,0,Dec_24,2
19,pQBR103_L,3,2,10,2,0.06,6,0.06,6,0.05,2,0.2,0,75,183,14,263,68,0,Dec_24,2
19,pQBR103_L,3,3,11,2,0.06,6,0.06,6,0.05,2,0.2,0,93,122,14,464,34,0,Dec_24,2
S20,pQBR132,2,1,1,1,0.06,6,0.06,6,0.075,7,0.2,0,46,72,143,50,11,0,Dec_24,1
S20,pQBR132,2,2,2,1,0.06,6,0.06,6,0.075,7,0.2,0,82,104,117,39,7,0,Dec_24,1
S20,pQBR132,2,3,3,1,0.06,6,0.06,6,0.075,7,0.2,0,127,142,208,41,5,0,Dec_24,1
S39,pQBR132,2,1,9,2,0.06,6,0.06,6,0.075,7,0.1,0,103,129,108,85,15,0,Dec_24,2
S39,pQBR132,2,2,10,2,0.06,6,0.06,6,0.075,7,0.1,0,89,107,125,97,14,0,Dec_24,2
S39,pQBR132,2,3,11,2,0.06,6,0.06,6,0.075,7,0.1,0,128,142,205,38,12,0,Dec_24,2
S21,pQBR150,6,1,1,1,0.06,6,0.06,7,0.075,7,0.1,0,98,110,19,12,29,1046,Dec_24,1
S21,pQBR150,6,2,2,1,0.06,6,0.06,7,0.075,7,0.1,0,116,109,16,16,13,669,Dec_24,1
S21,pQBR150,6,3,3,1,0.06,6,0.06,7,0.075,7,0.1,0,99,109,17,15,31,607,Dec_24,1
S40,pQBR150,6,1,9,2,0.06,6,0.06,7,0.075,7,0.1,0,242,153,24,21,25,399,Dec_24,2
S40,pQBR150,6,2,10,2,0.06,6,0.06,7,0.075,7,0.1,0,230,154,29,12,26,987,Dec_24,2
S40,pQBR150,6,3,11,2,0.06,6,0.06,7,0.075,7,0.1,2,179,154,36,29,26,766,Dec_24,2
S27,pQBR26,1,1,1,1,0.06,6,0.06,6,0.05,5,0.1,0,137,134,160,211,17,0,Dec_24,1
S27,pQBR26,1,2,2,1,0.06,6,0.06,6,0.05,5,0.1,0,116,152,193,276,6,0,Dec_24,1
S27,pQBR26,1,3,3,1,0.06,6,0.06,6,0.05,5,0.1,0,140,142,167,251,3,0,Dec_24,1
S6,pQBR26,1,1,6,3,0.06,6,0.06,6,0.05,5,0.2,0,74,145,178,195,4,3,Dec_24,3
S6,pQBR26,1,2,7,3,0.06,6,0.06,6,0.05,5,0.2,0,79,113,132,234,6,3,Dec_24,3
S6,pQBR26,1,3,8,3,0.06,6,0.06,6,0.05,5,0.2,0,62,130,125,223,4,0,Dec_24,3
S29,pQBR30,6,1,1,1,0.06,6,0.06,7,0.075,7,0.1,0,126,119,26,17,14,655,Dec_24,1
S29,pQBR30,6,2,2,1,0.06,6,0.06,7,0.075,7,0.1,0,169,119,18,12,17,802,Dec_24,1
S29,pQBR30,6,3,3,1,0.06,6,0.06,7,0.075,7,0.1,0,146,119,19,14,24,567,Dec_24,1
S8,pQBR30,6,1,6,3,0.06,6,0.06,7,0.075,7,0.1,0,110,169,22,16,28,1506,Dec_24,3
S8,pQBR30,6,2,7,3,0.06,6,0.06,7,0.075,7,0.1,0,125,105,23,13,23,NA,Dec_24,3
S8,pQBR30,6,3,8,3,0.06,6,0.06,7,0.075,7,0.1,0,103,136,40,10,44,1716,Dec_24,3
S12,pQBR51,6,1,1,1,0.06,6,0.06,7,0.075,7,0.1,0,78,142,19,26,NA,NA,Dec_24,1
S12,pQBR51,6,2,2,1,0.06,6,0.06,7,0.075,7,0.1,0,87,133,15,18,NA,NA,Dec_24,1
S12,pQBR51,6,3,3,1,0.06,6,0.06,7,0.075,7,0.1,0,99,124,12,19,NA,NA,Dec_24,1
S31,pQBR51,6,1,9,2,0.06,6,0.06,7,0.075,7,0.1,0,144,205,26,22,NA,NA,Dec_24,2
S31,pQBR51,6,2,10,2,0.06,6,0.06,7,0.075,7,0.1,0,139,199,16,29,NA,NA,Dec_24,2
S31,pQBR51,6,3,11,2,0.06,6,0.06,7,0.075,7,0.1,0,146,104,10,34,NA,NA,Dec_24,2
S14,pQBR56,6,1,1,1,0.06,6,0.06,7,0.05,6,0.1,0,120,130,17,13,NA,NA,Dec_24,1
S14,pQBR56,6,2,2,1,0.06,6,0.06,7,0.05,6,0.1,0,168,116,20,17,NA,NA,Dec_24,1
S14,pQBR56,6,3,3,1,0.06,6,0.06,7,0.05,6,0.1,0,103,212,20,11,NA,NA,Dec_24,1
S33,pQBR56,6,1,9,2,0.06,6,0.06,7,0.05,6,0.1,0,150,119,18,16,NA,NA,Dec_24,2
S33,pQBR56,6,2,10,2,0.06,6,0.06,7,0.05,6,0.1,0,140,125,31,11,NA,NA,Dec_24,2
S33,pQBR56,6,3,11,2,0.06,6,0.06,7,0.05,6,0.1,0,118,113,23,16,NA,NA,Dec_24,2
S137,pQBR57_L,6,1,4,4,0.06,6,0.06,7,0.05,6,0.1,2,130,153,24,17,159,136,Dec_24,1
S137,pQBR57_L,6,2,5,4,0.06,6,0.06,7,0.05,6,0.1,2,251,159,24,15,133,27,Dec_24,1
S137,pQBR57_L,6,3,6,4,0.06,6,0.06,7,0.05,6,0.1,2,157,123,21,18,133,104,Dec_24,1
S138,pQBR57_L,6,1,11,5,0.06,6,0.06,7,0.05,6,0.1,2,120,121,8,33,293,13,Dec_24,2
S138,pQBR57_L,6,2,12,5,0.06,6,0.06,7,0.05,6,0.1,2,151,142,11,30,360,13,Dec_24,2
S138,pQBR57_L,6,3,13,5,0.06,6,0.06,7,0.05,6,0.1,2,105,131,30,71,NA,NA,Dec_24,2
CompCon,Con,Con,1,1,,0.06,6,0.04,6,,,,,93,84,97,89,NA,NA,Jan_25,
CompCon,Con,Con,2,2,,0.06,6,0.04,6,,,,,139,99,91,67,NA,NA,Jan_25,
CompCon,Con,Con,3,3,,0.06,6,0.04,6,,,,,76,105,100,106,NA,NA,Jan_25,
CompCon,Con,Con,4,4,,0.06,6,0.04,6,,,,,107,83,101,69,NA,NA,Jan_25,
22N,pP19E3_L,5,4,4,1,0.06,6,0.04,6,0.05,6,0.2,0,172,84,103,95,3,724,Jan_25,3
22N,pP19E3_L,5,5,5,1,0.06,6,0.04,6,0.05,6,0.2,0,87,60,97,49,14,,Jan_25,3
22N,pP19E3_L,5,6,6,1,0.06,6,0.04,6,0.05,6,0.2,0,131,57,114,103,61,,Jan_25,3
22N,pP19E3_L,5,7,7,1,0.06,6,0.04,6,0.05,6,0.2,0,165,67,86,58,9,2328,Jan_25,3
S16,pQBR102,6,4,4,1,0.06,6,0.04,6,0.1,6,0.1,2,55,51,120,59,155,445,Jan_25,3
S16,pQBR102,6,5,5,1,0.06,6,0.04,6,0.1,6,0.1,2,67,48,107,99,158,343,Jan_25,3
S16,pQBR102,6,6,6,1,0.06,6,0.04,6,0.1,6,0.1,2,93,42,83,47,54,109,Jan_25,3
S16,pQBR102,6,7,7,1,0.06,6,0.04,6,0.1,6,0.1,2,68,46,149,76,213,293,Jan_25,3
11,pQBR103_L,3,4,4,1,0.06,6,0.06,6,0.05,2,0.2,0,25,55,6,144,2,0,Jan_25,3
11,pQBR103_L,3,5,5,1,0.06,6,0.06,6,0.05,2,0.2,0,23,59,7,121,26,0,Jan_25,3
11,pQBR103_L,3,6,6,1,0.06,6,0.06,6,0.05,2,0.2,0,30,57,8,111,11,0,Jan_25,3
11,pQBR103_L,3,7,7,1,0.06,6,0.04,6,0.05,2,0.2,0,23,108,7,121,18,1,Jan_25,3
S20,pQBR132,2,4,4,1,0.06,6,0.06,6,0.075,6,0.2,0,40,50,57,39,65,5,Jan_25,3
S20,pQBR132,2,5,5,1,0.06,6,0.06,6,0.075,6,0.2,0,57,52,66,31,34,2,Jan_25,3
S20,pQBR132,2,6,6,1,0.06,6,0.06,6,0.075,6,0.2,0,31,52,42,84,127,3,Jan_25,3
S20,pQBR132,2,7,7,1,0.06,6,0.06,6,0.075,6,0.2,0,52,49,72,50,30,1,Jan_25,3
S21,pQBR150,6,4,4,1,0.06,6,0.04,6,0.075,6,0.2,0,46,71,66,68,163,,Jan_25,3
S21,pQBR150,6,5,5,1,0.06,6,0.04,6,0.075,6,0.2,0,61,70,99,111,78,,Jan_25,3
S21,pQBR150,6,6,6,1,0.06,6,0.04,6,0.075,6,0.2,0,73,70,55,72,59,,Jan_25,3
S21,pQBR150,6,7,7,1,0.06,6,0.04,6,0.075,6,0.2,0,96,51,79,110,36,,Jan_25,3
S6,pQBR26,1,4,9,3,0.06,6,0.06,6,0.05,4,0.2,0,64,59,133,154,133,4,Jan_25,3
S6,pQBR26,1,5,10,3,0.06,6,0.06,6,0.05,4,0.2,0,82,79,70,236,95,3,Jan_25,3
S6,pQBR26,1,6,11,3,0.06,6,0.06,6,0.05,4,0.2,0,63,62,137,186,154,3,Jan_25,3
S6,pQBR26,1,7,12,3,0.06,6,0.06,6,0.05,4,0.2,0,93,74,95,189,133,4,Jan_25,3
S8,pQBR30,6,4,9,3,0.06,6,0.04,6,0.075,7,0.2,0,89,67,122,72,10,,Jan_25,3
S8,pQBR30,6,5,10,3,0.06,6,0.04,6,0.075,7,0.2,0,91,63,107,77,8,,Jan_25,3
S8,pQBR30,6,6,11,3,0.06,6,0.04,6,0.075,7,0.2,0,88,66,92,49,15,,Jan_25,3
S8,pQBR30,6,7,12,3,0.06,6,0.04,6,0.075,7,0.2,0,94,45,87,47,6,,Jan_25,3
S12,pQBR51,6,4,4,1,0.06,6,0.04,6,0.075,7,0.2,0,64,64,81,148,NA,NA,Jan_25,3
S12,pQBR51,6,5,5,1,0.06,6,0.04,6,0.075,7,0.2,0,96,66,92,96,NA,NA,Jan_25,3
S12,pQBR51,6,6,6,1,0.06,6,0.04,6,0.075,7,0.2,0,94,60,56,85,NA,NA,Jan_25,3
S12,pQBR51,6,7,7,1,0.06,6,0.04,6,0.075,7,0.2,0,56,70,95,92,NA,NA,Jan_25,3
S14,pQBR56,6,4,4,1,0.06,6,0.04,6,0.05,6,0.2,0,84,45,127,64,NA,NA,Jan_25,3
S14,pQBR56,6,5,5,1,0.06,6,0.04,6,0.05,6,0.2,0,112,62,88,69,NA,NA,Jan_25,3
S14,pQBR56,6,6,6,1,0.06,6,0.04,6,0.05,6,0.2,0,111,65,116,59,NA,NA,Jan_25,3
S14,pQBR56,6,7,7,1,0.06,6,0.04,6,0.05,6,0.2,0,92,73,85,97,NA,NA,Jan_25,3
S137,pQBR57_L,6,4,7,4,0.06,6,0.04,6,0.05,6,0.1,3,106,47,71,56,42,182,Jan_25,3
S137,pQBR57_L,6,5,8,4,0.06,6,0.04,6,0.05,6,0.1,3,71,50,90,64,97,65,Jan_25,3
S137,pQBR57_L,6,6,9,4,0.06,6,0.04,6,0.05,6,0.1,3,97,47,121,92,77,218,Jan_25,3
S137,pQBR57_L,6,7,10,4,0.06,6,0.04,6,0.05,6,0.1,3,71,59,112,140,47,104,Jan_25,3
22N,pP19E3_L,5,8,8,1,0.05,6,0.05,7,0.05,6,0.1,0,80,70,98,64,NA,NA,Nov_23,4
23N,pP19E3_L,5,4,13,2,0.05,6,0.05,7,0.05,6,0.2,0,49,82,72,76,NA,NA,Nov_23,5
24N,pP19E3_L,5,1,15,3,0.05,6,0.05,7,0.05,6,0.2,0,47,65,69,31,NA,NA,Nov_23,6
S16,pQBR102,6,8,8,1,0.05,6,0.05,7,0.1,6,0.1,2,68,41,40,84,NA,NA,Nov_23,4
S35,pQBR102,6,3,12,2,0.05,6,0.05,7,0.1,6,0.1,2,49,60,40,57,NA,NA,Nov_23,5
S53,pQBR102,6,1,13,3,0.05,6,0.05,7,0.1,6,0.1,2,60,69,55,31,NA,NA,Nov_23,6
S54,pQBR103_L,3,1,14,4,0.05,6,0.05,7,0.05,2,0.2,0,22,50,2,146,NA,NA,Nov_23,4
S20,pQBR132,2,8,8,1,0.05,6,0.05,7,0.1,7,0.2,0,15,63,17,43,NA,NA,Nov_23,4
S39,pQBR132,2,4,12,2,0.05,6,0.05,7,0.1,7,0.2,0,7,47,10,25,NA,NA,Nov_23,5
S57,pQBR132,2,1,13,3,0.05,6,0.05,7,0.1,7,0.2,0,44,61,48,26,NA,NA,Nov_23,6
S21,pQBR150,6,8,8,1,0.05,6,0.05,7,0.1,7,0.2,0,52,66,44,178,NA,NA,Nov_23,4
S40,pQBR150,6,4,12,2,0.05,6,0.05,7,0.1,7,0.2,0,79,64,28,59,NA,NA,Nov_23,5
S58,pQBR150,6,1,13,3,0.05,6,0.05,7,0.1,7,0.2,0,82,73,28,106,NA,NA,Nov_23,6
S27,pQBR26,1,4,4,1,0.05,6,0.05,7,0.05,5,0.2,0,76,40,120,87,NA,NA,Nov_23,4
S45,pQBR26,1,1,5,2,0.05,6,0.05,7,0.05,5,0.2,0,60,61,29,49,NA,NA,Nov_23,5
S6,pQBR26,1,8,13,3,0.05,6,0.05,7,0.05,5,0.2,0,73,114,71,212,NA,NA,Nov_23,6
S29,pQBR30,6,4,4,1,0.05,6,0.05,7,0.1,7,0.2,0,43,62,46,97,NA,NA,Nov_23,4
S47,pQBR30,6,1,5,2,0.05,6,0.05,7,0.1,7,0.2,0,44,58,33,46,NA,NA,Nov_23,5
S8,pQBR30,6,8,13,3,0.05,6,0.05,7,0.1,7,0.1,0,100,82,11,24,NA,NA,Nov_23,6
S12,pQBR51,6,8,8,1,0.05,6,0.05,7,0.1,7,0.2,0,59,48,31,89,NA,NA,Nov_23,4
S31,pQBR51,6,4,12,2,0.05,6,0.05,7,0.1,7,0.2,0,56,63,37,59,NA,NA,Nov_23,5
S49,pQBR51,6,1,13,3,0.05,6,0.05,7,0.1,6,0.2,0,65,61,32,42,NA,NA,Nov_23,6
S14,pQBR56,6,8,8,1,0.05,6,0.05,7,0.1,6,0.2,0,73,33,37,59,NA,NA,Nov_23,4
S33,pQBR56,6,4,12,2,0.05,6,0.05,7,0.1,6,0.2,0,42,40,42,125,NA,NA,Nov_23,5
S51,pQBR56,6,1,13,3,0.05,6,0.05,7,0.1,6,0.2,0,58,49,34,60,NA,NA,Nov_23,6
9,pQBR57_L,6,1,1,1,0.05,6,0.05,7,0.05,6,0.1,3,84,120,38,73,NA,NA,Nov_23,4
13,pQBR57_L,6,1,3,2,0.05,6,0.05,7,0.05,6,0.1,3,37,63,24,66,NA,NA,Nov_23,5
17,pQBR57_L,6,1,2,3,0.05,6,0.05,7,0.05,6,0.1,3,51,69,31,75,NA,NA,Nov_23,6
22N,pP19E3_L,5,9,9,1,0.04,6,0.04,7,0.05,5,0.1,0,80,55,37,47,180,0,Oct_22,7
23N,pP19E3_L,5,5,14,2,0.04,6,0.04,7,0.05,6,0.1,0,64,64,16,7,32,0,Oct_22,8
24N,pP19E3_L,5,2,16,3,0.04,6,0.04,7,0.05,6,0.1,0,87,64,14,9,45,1,Oct_22,9
11,pQBR103_L,3,8,8,1,0.04,6,0.04,7,0.05,2,0.1,0,17,68,1,77,27,0,Oct_22,5
19,pQBR103_L,3,4,12,2,0.04,6,0.04,7,0.05,2,0.1,0,32,74,2,27,20,0,Oct_22,6
60,pQBR103_L,3,1,13,3,0.04,6,0.04,7,0.05,2,0.1,0,25,87,2,23,28,0,Oct_22,7
41,pQBR55_L,2,1,1,1,0.04,6,0.04,7,0.1,3,0.1,0,101,64,15,21,158,0,Oct_22,1
42,pQBR55_L,2,2,2,2,0.04,6,0.04,7,0.1,4,0.1,0,67,71,37,51,43,0,Oct_22,2
43,pQBR55_L,2,3,3,3,0.04,6,0.04,7,0.1,3,0.1,0,75,72,35,28,18,0,Oct_22,3
9,pQBR57_L,6,2,2,1,0.04,6,0.04,6,0.05,6,0.1,2,132,157,47,99,20,15,Oct_22,7
13,pQBR57_L,6,2,1,2,0.04,6,0.04,6,0.05,6,0.1,3,74,70,65,119,41,78,Oct_22,8
17,pQBR57_L,6,2,3,3,0.04,6,0.04,6,0.05,6,0.1,3,64,60,12,35,109,249,Oct_22,9
